File_Name,Table_Name,column_name,data_type,Dependents,Education,Self_Employed,ApplicantIncome,CoapplicantIncome,LoanAmount,Loan_Amount_Term,Credit_History,Property_Area,Loan_Status
LP001002,Accounts,"['account_id','account_code','account_name,'account_amount']","int64,varchar[25],string,int32",0,Graduate,No,5849,0,,360,1,Urban,Y
LP001003,Loans,"['loan_amount','loan_code','loan_name',loan_id']","float64,string,int32,float64",1,Graduate,No,4583,1508,128,360,1,Rural,N
LP001005,Dates,"['loan_date', 'open_account','start_date','end_date']","datetime64[ns],datetime64[ns],datetime64[ns],datetime64[ns]",0,Graduate,Yes,3000,0,66,360,1,Urban,Y
LP001006,Debts,"['debt_amount','debt_ID','debt_name', 'is_active']","int64, varchar(55),string,bool",0,Not Graduate,No,2583,2358,120,360,1,Urban,Y
LP001008,Accounts,"['account_id','account_code','account_name,'account_amount']","int64,varchar[25],string,int32",0,Graduate,No,6000,0,141,360,1,Urban,Y
LP001011,Loans,"['loan_amount','loan_code','loan_name',loan_id']","float64,string,int32,float64",2,Graduate,Yes,5417,4196,267,360,1,Urban,Y
LP001013,Dates,"['loan_date', 'open_account','start_date','end_date']","datetime64[ns],datetime64[ns],datetime64[ns],datetime64[ns]",0,Not Graduate,No,2333,1516,95,360,1,Urban,Y
LP001014,Debts,"['debt_amount','debt_ID','debt_name', 'is_active']","int64, varchar(55),string,bool",3+,Graduate,No,3036,2504,158,360,0,Semiurban,N
LP001018,Accounts,"['account_id','account_code','account_name,'account_amount']","int64,varchar[25],string,int32",2,Graduate,No,4006,1526,168,360,1,Urban,Y
LP001020,Loans,"['loan_amount','loan_code','loan_name',loan_id']","float64,string,int32,float64",1,Graduate,No,12841,10968,349,360,1,Semiurban,N
LP001024,Dates,"['loan_date', 'open_account','start_date','end_date']","datetime64[ns],datetime64[ns],datetime64[ns],datetime64[ns]",2,Graduate,No,3200,700,70,360,1,Urban,Y
LP001027,Debts,"['debt_amount','debt_ID','debt_name', 'is_active']","int64, varchar(55),string,bool",2,Graduate,,2500,1840,109,360,1,Urban,Y
LP001028,Accounts,"['account_id','account_code','account_name,'account_amount']","int64,varchar[25],string,int32",2,Graduate,No,3073,8106,200,360,1,Urban,Y
LP001029,Loans,"['loan_amount','loan_code','loan_name',loan_id']","float64,string,int32,float64",0,Graduate,No,1853,2840,114,360,1,Rural,N
LP001030,Dates,"['loan_date', 'open_account','start_date','end_date']","datetime64[ns],datetime64[ns],datetime64[ns],datetime64[ns]",2,Graduate,No,1299,1086,17,120,1,Urban,Y
LP001032,Debts,"['debt_amount','debt_ID','debt_name', 'is_active']","int64, varchar(55),string,bool",0,Graduate,No,4950,0,125,360,1,Urban,Y
LP001034,Accounts,"['account_id','account_code','account_name,'account_amount']","int64,varchar[25],string,int32",1,Not Graduate,No,3596,0,100,240,,Urban,Y
LP001036,Loans,"['loan_amount','loan_code','loan_name',loan_id']","float64,string,int32,float64",0,Graduate,No,3510,0,76,360,0,Urban,N
LP001038,Dates,"['loan_date', 'open_account','start_date','end_date']","datetime64[ns],datetime64[ns],datetime64[ns],datetime64[ns]",0,Not Graduate,No,4887,0,133,360,1,Rural,N
LP001041,Debts,"['debt_amount','debt_ID','debt_name', 'is_active']","int64, varchar(55),string,bool",0,Graduate,,2600,3500,115,,1,Urban,Y
LP001043,Accounts,"['account_id','account_code','account_name,'account_amount']","int64,varchar[25],string,int32",0,Not Graduate,No,7660,0,104,360,0,Urban,N
LP001046,Loans,"['loan_amount','loan_code','loan_name',loan_id']","float64,string,int32,float64",1,Graduate,No,5955,5625,315,360,1,Urban,Y
LP001047,Dates,"['loan_date', 'open_account','start_date','end_date']","datetime64[ns],datetime64[ns],datetime64[ns],datetime64[ns]",0,Not Graduate,No,2600,1911,116,360,0,Semiurban,N
LP001050,Debts,"['debt_amount','debt_ID','debt_name', 'is_active']","int64, varchar(55),string,bool",2,Not Graduate,No,3365,1917,112,360,0,Rural,N
LP001052,Accounts,"['account_id','account_code','account_name,'account_amount']","int64,varchar[25],string,int32",1,Graduate,,3717,2925,151,360,,Semiurban,N
LP001066,Loans,"['loan_amount','loan_code','loan_name',loan_id']","float64,string,int32,float64",0,Graduate,Yes,9560,0,191,360,1,Semiurban,Y
LP001068,Dates,"['loan_date', 'open_account','start_date','end_date']","datetime64[ns],datetime64[ns],datetime64[ns],datetime64[ns]",0,Graduate,No,2799,2253,122,360,1,Semiurban,Y
LP001073,Debts,"['debt_amount','debt_ID','debt_name', 'is_active']","int64, varchar(55),string,bool",2,Not Graduate,No,4226,1040,110,360,1,Urban,Y
LP001086,Accounts,"['account_id','account_code','account_name,'account_amount']","int64,varchar[25],string,int32",0,Not Graduate,No,1442,0,35,360,1,Urban,N
LP001087,Loans,"['loan_amount','loan_code','loan_name',loan_id']","float64,string,int32,float64",2,Graduate,,3750,2083,120,360,1,Semiurban,Y
LP001091,Dates,"['loan_date', 'open_account','start_date','end_date']","datetime64[ns],datetime64[ns],datetime64[ns],datetime64[ns]",1,Graduate,,4166,3369,201,360,,Urban,N
LP001095,Debts,"['debt_amount','debt_ID','debt_name', 'is_active']","int64, varchar(55),string,bool",0,Graduate,No,3167,0,74,360,1,Urban,N
LP001097,Accounts,"['account_id','account_code','account_name,'account_amount']","int64,varchar[25],string,int32",1,Graduate,Yes,4692,0,106,360,1,Rural,N
LP001098,Loans,"['loan_amount','loan_code','loan_name',loan_id']","float64,string,int32,float64",0,Graduate,No,3500,1667,114,360,1,Semiurban,Y
LP001100,Dates,"['loan_date', 'open_account','start_date','end_date']","datetime64[ns],datetime64[ns],datetime64[ns],datetime64[ns]",3+,Graduate,No,12500,3000,320,360,1,Rural,N
LP001106,Debts,"['debt_amount','debt_ID','debt_name', 'is_active']","int64, varchar(55),string,bool",0,Graduate,No,2275,2067,,360,1,Urban,Y
LP001109,Accounts,,"datetime64[ns],datetime64[ns],datetime64[ns],datetime64[ns]",0,Graduate,No,1828,1330,100,,0,Urban,N
LP001112,Loans,,"int64, varchar(55),string,bool",0,Graduate,No,3667,1459,144,360,1,Semiurban,Y
LP001114,Dates,,"int64,varchar[25],string,int33",0,Graduate,No,4166,7210,184,360,1,Urban,Y
LP001116,Debts,,"float64,string,int32,float65",0,Not Graduate,No,3748,1668,110,360,1,Semiurban,Y
LP001119,Accounts,"['account_id','account_code','account_name,'account_amount']","datetime64[ns],datetime64[ns],datetime64[ns],datetime64[ns]",0,Graduate,No,3600,0,80,360,1,Urban,N
LP001120,Loans,"['loan_amount','loan_code','loan_name',loan_id']","int64, varchar(55),string,bool",0,Graduate,No,1800,1213,47,360,1,Urban,Y
LP001123,Dates,"['loan_date', 'open_account','start_date','end_date']","int64,varchar[25],string,int33",0,Graduate,No,2400,0,75,360,,Urban,Y
LP001131,Debts,"['debt_amount','debt_ID','debt_name', 'is_active']","float64,string,int32,float65",0,Graduate,No,3941,2336,134,360,1,Semiurban,Y
LP001136,Debts,,"datetime64[ns],datetime64[ns],datetime64[ns],datetime64[ns]",0,Not Graduate,Yes,4695,0,96,,1,Urban,Y
LP001137,Accounts,"['account_id','account_code','account_name,'account_amount']","datetime64[ns],datetime64[ns],datetime64[ns],datetime64[ns]",0,Graduate,No,3410,0,88,,1,Urban,Y
LP001138,Loans,"['loan_amount','loan_code','loan_name',loan_id']","int64, varchar(55),string,bool",1,Graduate,No,5649,0,44,360,1,Urban,Y
LP001144,Dates,"['loan_date', 'open_account','start_date','end_date']","int64,varchar[25],string,int33",0,Graduate,No,5821,0,144,360,1,Urban,Y
LP001146,Debts,"['debt_amount','debt_ID','debt_name', 'is_active']","float64,string,int32,float65",0,Graduate,No,2645,3440,120,360,0,Urban,N
LP001151,Accounts,"['account_id','account_code','account_name,'account_amount']","datetime64[ns],datetime64[ns],datetime64[ns],datetime64[ns]",0,Graduate,No,4000,2275,144,360,1,Semiurban,Y
LP001155,Loans,"['loan_amount','loan_code','loan_name',loan_id']","int64, varchar(55),string,bool",0,Not Graduate,No,1928,1644,100,360,1,Semiurban,Y
LP001157,Dates,"['loan_date', 'open_account','start_date','end_date']","int64,varchar[25],string,int33",0,Graduate,No,3086,0,120,360,1,Semiurban,Y
LP001164,Debts,"['debt_amount','debt_ID','debt_name', 'is_active']","float64,string,int32,float65",0,Graduate,No,4230,0,112,360,1,Semiurban,N
LP001179,Accounts,"['loan_amount','loan_code','loan_name',loan_id']","datetime64[ns],datetime64[ns],datetime64[ns],datetime64[ns]",2,Graduate,No,4616,0,134,360,1,Urban,N
LP001186,Loans,"['loan_date', 'open_account','start_date','end_date']","int64, varchar(55),string,bool",1,Graduate,Yes,11500,0,286,360,0,Urban,N
LP001194,Dates,"['debt_amount','debt_ID','debt_name', 'is_active']","datetime64[ns],datetime64[ns],datetime64[ns],datetime64[ns]",2,Graduate,No,2708,1167,97,360,1,Semiurban,Y
LP001195,Debts,,"int64, varchar(55),string,bool",0,Graduate,No,2132,1591,96,360,1,Semiurban,Y
LP001197,Accounts,"['account_id','account_code','account_name,'account_amount']","int64,varchar[25],string,int34",0,Graduate,No,3366,2200,135,360,1,Rural,N
LP001198,Loans,"['loan_amount','loan_code','loan_name',loan_id']","float64,string,int32,float66",1,Graduate,No,8080,2250,180,360,1,Urban,Y
LP001199,Dates,"['loan_date', 'open_account','start_date','end_date']","datetime64[ns],datetime64[ns],datetime64[ns],datetime64[ns]",2,Not Graduate,No,3357,2859,144,360,1,Urban,Y
LP001205,Debts,"['debt_amount','debt_ID','debt_name', 'is_active']","int64, varchar(55),string,bool",0,Graduate,No,2500,3796,120,360,1,Urban,Y
LP001206,Accounts,"['account_id','account_code','account_name,'account_amount']","int64,varchar[25],string,int34",3+,Graduate,No,3029,0,99,360,1,Urban,Y
LP001207,Loans,"['loan_amount','loan_code','loan_name',loan_id']","float64,string,int32,float66",0,Not Graduate,Yes,2609,3449,165,180,0,Rural,N
LP001213,Dates,"['loan_date', 'open_account','start_date','end_date']","datetime64[ns],datetime64[ns],datetime64[ns],datetime64[ns]",1,Graduate,No,4945,0,,360,0,Rural,N
LP001222,Debts,"['debt_amount','debt_ID','debt_name', 'is_active']","datetime64[ns],datetime64[ns],datetime64[ns],datetime64[ns]",0,Graduate,No,4166,0,116,360,0,Semiurban,N
LP001225,Accounts,"['loan_amount','loan_code','loan_name',loan_id']",,0,Graduate,No,5726,4595,258,360,1,Semiurban,N
LP001228,Loans,"['loan_date', 'open_account','start_date','end_date']","int64, varchar(55),string,bool",0,Not Graduate,No,3200,2254,126,180,0,Urban,N
LP001233,Dates,"['debt_amount','debt_ID','debt_name', 'is_active']","int64,varchar[25],string,int33",1,Graduate,No,10750,0,312,360,1,Urban,Y
LP001238,Debts,,"float64,string,int32,float65",3+,Not Graduate,Yes,7100,0,125,60,1,Urban,Y
LP001241,Accounts,"['loan_amount','loan_code','loan_name',loan_id']","datetime64[ns],datetime64[ns],datetime64[ns],datetime64[ns]",0,Graduate,No,4300,0,136,360,0,Semiurban,N
LP001243,Loans,"['loan_date', 'open_account','start_date','end_date']","int64, varchar(55),string,bool",0,Graduate,No,3208,3066,172,360,1,Urban,Y
LP001245,Dates,"['debt_amount','debt_ID','debt_name', 'is_active']","datetime64[ns],datetime64[ns],datetime64[ns],datetime64[ns]",2,Not Graduate,Yes,1875,1875,97,360,1,Semiurban,Y
LP001248,Debts,,"int64, varchar(55),string,bool",0,Graduate,No,3500,0,81,300,1,Semiurban,Y
LP001250,,,"int64,varchar[25],string,int34",3+,Not Graduate,No,4755,0,95,,0,Semiurban,N
LP001253,,,"float64,string,int32,float66",3+,Graduate,Yes,5266,1774,187,360,1,Semiurban,Y
LP001255,Debts,,"datetime64[ns],datetime64[ns],datetime64[ns],datetime64[ns]",0,Graduate,No,3750,0,113,480,1,Urban,N
LP001256,Accounts,"['loan_amount','loan_code','loan_name',loan_id']","int64, varchar(55),string,bool",0,Graduate,No,3750,4750,176,360,1,Urban,N
LP001259,Loans,"['loan_date', 'open_account','start_date','end_date']","int64,varchar[25],string,int34",1,Graduate,Yes,1000,3022,110,360,1,Urban,N
LP001263,Dates,"['debt_amount','debt_ID','debt_name', 'is_active']","float64,string,int32,float66",3+,Graduate,No,3167,4000,180,300,0,Semiurban,N
LP001264,Debts,,"datetime64[ns],datetime64[ns],datetime64[ns],datetime64[ns]",3+,Not Graduate,Yes,3333,2166,130,360,,Semiurban,Y
LP001265,Accounts,"['account_id','account_code','account_name,'account_amount']","datetime64[ns],datetime64[ns],datetime64[ns],datetime64[ns]",0,Graduate,No,3846,0,111,360,1,Semiurban,Y
LP001266,Loans,"['loan_amount','loan_code','loan_name',loan_id']",,1,Graduate,Yes,2395,0,,360,1,Semiurban,Y
LP001267,Dates,"['loan_date', 'open_account','start_date','end_date']",,2,Graduate,No,1378,1881,167,360,1,Urban,N
LP001273,Debts,"['debt_amount','debt_ID','debt_name', 'is_active']",,0,Graduate,No,6000,2250,265,360,,Semiurban,N
LP001275,Accounts,"['account_id','account_code','account_name,'account_amount']","int64, varchar(55),string,bool",1,Graduate,No,3988,0,50,240,1,Urban,Y
LP001279,Loans,"['loan_amount','loan_code','loan_name',loan_id']","int64,varchar[25],string,int33",0,Graduate,No,2366,2531,136,360,1,Semiurban,Y
LP001280,Dates,"['loan_date', 'open_account','start_date','end_date']","float64,string,int32,float65",2,Not Graduate,No,3333,2000,99,360,,Semiurban,Y
LP001282,Debts,"['debt_amount','debt_ID','debt_name', 'is_active']","datetime64[ns],datetime64[ns],datetime64[ns],datetime64[ns]",0,Graduate,No,2500,2118,104,360,1,Semiurban,Y
LP001289,Accounts,,"int64, varchar(55),string,bool",0,Graduate,No,8566,0,210,360,1,Urban,Y
LP001310,Loans,,"datetime64[ns],datetime64[ns],datetime64[ns],datetime64[ns]",0,Graduate,No,5695,4167,175,360,1,Semiurban,Y
LP001316,Dates,,"int64, varchar(55),string,bool",0,Graduate,No,2958,2900,131,360,1,Semiurban,Y
LP001318,Debts,,"int64,varchar[25],string,int34",2,Graduate,No,6250,5654,188,180,1,Semiurban,Y
LP001319,Accounts,,"float64,string,int32,float66",2,Not Graduate,No,3273,1820,81,360,1,Urban,Y
LP001322,Loans,,"datetime64[ns],datetime64[ns],datetime64[ns],datetime64[ns]",0,Graduate,No,4133,0,122,360,1,Semiurban,Y
LP001325,Dates,,"int64, varchar(55),string,bool",0,Not Graduate,No,3620,0,25,120,1,Semiurban,Y
LP001326,Debts,,"int64,varchar[25],string,int34",0,Graduate,,6782,0,,360,,Urban,N
LP001327,Accounts,,"float64,string,int32,float66",0,Graduate,No,2484,2302,137,360,1,Semiurban,Y
LP001333,Loans,,"datetime64[ns],datetime64[ns],datetime64[ns],datetime64[ns]",0,Graduate,No,1977,997,50,360,1,Semiurban,Y
LP001334,Dates,,"datetime64[ns],datetime64[ns],datetime64[ns],datetime64[ns]",0,Not Graduate,No,4188,0,115,180,1,Semiurban,Y
LP001343,Debts,,,0,Graduate,No,1759,3541,131,360,1,Semiurban,Y
LP001345,Accounts,,,2,Not Graduate,No,4288,3263,133,180,1,Urban,Y
LP001349,Loans,,"int64, varchar(55),string,bool",0,Graduate,No,4843,3806,151,360,1,Semiurban,Y
LP001350,Dates,,"int64,varchar[25],string,int33",,Graduate,No,13650,0,,360,1,Urban,Y
LP001356,Debts,,"float64,string,int32,float65",0,Graduate,No,4652,3583,,360,1,Semiurban,Y
LP001357,,,"datetime64[ns],datetime64[ns],datetime64[ns],datetime64[ns]",,Graduate,No,3816,754,160,360,1,Urban,Y
LP001367,Debts,,"int64, varchar(55),string,bool",1,Graduate,No,3052,1030,100,360,1,Urban,Y
LP001369,Accounts,,"datetime64[ns],datetime64[ns],datetime64[ns],datetime64[ns]",2,Graduate,No,11417,1126,225,360,1,Urban,Y
LP001370,Loans,,"int64, varchar(55),string,bool",0,Not Graduate,,7333,0,120,360,1,Rural,N
LP001379,Dates,,"int64,varchar[25],string,int34",2,Graduate,No,3800,3600,216,360,0,Urban,N
LP001384,Debts,,"float64,string,int32,float66",3+,Not Graduate,No,2071,754,94,480,1,Semiurban,Y
LP001385,Accounts,,"datetime64[ns],datetime64[ns],datetime64[ns],datetime64[ns]",0,Graduate,No,5316,0,136,360,1,Urban,Y
LP001387,Loans,,"int64, varchar(55),string,bool",0,Graduate,,2929,2333,139,360,1,Semiurban,Y
LP001391,Dates,,"int64,varchar[25],string,int34",0,Not Graduate,No,3572,4114,152,,0,Rural,N
LP001392,Debts,,"float64,string,int32,float66",1,Graduate,Yes,7451,0,,360,1,Semiurban,Y
LP001398,Accounts,,"datetime64[ns],datetime64[ns],datetime64[ns],datetime64[ns]",0,Graduate,,5050,0,118,360,1,Semiurban,Y
LP001401,Loans,,"datetime64[ns],datetime64[ns],datetime64[ns],datetime64[ns]",1,Graduate,No,14583,0,185,180,1,Rural,Y
LP001404,Dates,,,0,Graduate,No,3167,2283,154,360,1,Semiurban,Y
LP001405,Debts,,,1,Graduate,No,2214,1398,85,360,,Urban,Y
LP001421,Accounts,,"int64, varchar(55),string,bool",0,Graduate,No,5568,2142,175,360,1,Rural,N
LP001422,Loans,,"int64,varchar[25],string,int33",0,Graduate,No,10408,0,259,360,1,Urban,Y
LP001426,Dates,,"float64,string,int32,float65",,Graduate,No,5667,2667,180,360,1,Rural,Y
LP001430,Debts,,"datetime64[ns],datetime64[ns],datetime64[ns],datetime64[ns]",0,Graduate,No,4166,0,44,360,1,Semiurban,Y
LP001431,Accounts,,"int64, varchar(55),string,bool",0,Graduate,No,2137,8980,137,360,0,Semiurban,Y
LP001432,Loans,,"datetime64[ns],datetime64[ns],datetime64[ns],datetime64[ns]",2,Graduate,No,2957,0,81,360,1,Semiurban,Y
LP001439,Dates,,"int64, varchar(55),string,bool",0,Not Graduate,No,4300,2014,194,360,1,Rural,Y
LP001443,Debts,,"int64,varchar[25],string,int34",0,Graduate,No,3692,0,93,360,,Rural,Y
LP001448,Accounts,,"float64,string,int32,float66",3+,Graduate,No,23803,0,370,360,1,Rural,Y
LP001449,Loans,,"datetime64[ns],datetime64[ns],datetime64[ns],datetime64[ns]",0,Graduate,No,3865,1640,,360,1,Rural,Y
LP001451,Dates,,"int64, varchar(55),string,bool",1,Graduate,Yes,10513,3850,160,180,0,Urban,N
LP001465,Debts,,"int64,varchar[25],string,int34",0,Graduate,No,6080,2569,182,360,,Rural,N
LP001469,Accounts,,"float64,string,int32,float66",0,Graduate,Yes,20166,0,650,480,,Urban,Y
LP001473,Loans,,"datetime64[ns],datetime64[ns],datetime64[ns],datetime64[ns]",0,Graduate,No,2014,1929,74,360,1,Urban,Y
LP001478,Dates,,"datetime64[ns],datetime64[ns],datetime64[ns],datetime64[ns]",0,Graduate,No,2718,0,70,360,1,Semiurban,Y
LP001482,Debts,,,0,Graduate,Yes,3459,0,25,120,1,Semiurban,Y
LP001487,,,,0,Graduate,No,4895,0,102,360,1,Semiurban,Y
LP001488,Debts,,,3+,Graduate,No,4000,7750,290,360,1,Semiurban,N
LP001489,Accounts,,"int64, varchar(55),string,bool",0,Graduate,No,4583,0,84,360,1,Rural,N
LP001491,Loans,,"int64,varchar[25],string,int33",2,Graduate,Yes,3316,3500,88,360,1,Urban,Y
LP001492,Dates,,"float64,string,int32,float65",0,Graduate,No,14999,0,242,360,0,Semiurban,N
LP001493,Debts,,"datetime64[ns],datetime64[ns],datetime64[ns],datetime64[ns]",2,Not Graduate,No,4200,1430,129,360,1,Rural,N
LP001497,Accounts,,"int64, varchar(55),string,bool",2,Graduate,No,5042,2083,185,360,1,Rural,N
LP001498,Loans,,"datetime64[ns],datetime64[ns],datetime64[ns],datetime64[ns]",0,Graduate,No,5417,0,168,360,1,Urban,Y
LP001504,Dates,,"int64, varchar(55),string,bool",0,Graduate,Yes,6950,0,175,180,1,Semiurban,Y
LP001507,Debts,,"int64,varchar[25],string,int34",0,Graduate,No,2698,2034,122,360,1,Semiurban,Y
LP001508,Accounts,,"float64,string,int32,float66",2,Graduate,No,11757,0,187,180,1,Urban,Y
LP001514,Loans,,"datetime64[ns],datetime64[ns],datetime64[ns],datetime64[ns]",0,Graduate,No,2330,4486,100,360,1,Semiurban,Y
LP001516,Dates,,"int64, varchar(55),string,bool",2,Graduate,No,14866,0,70,360,1,Urban,Y
LP001518,Debts,,"int64,varchar[25],string,int34",1,Graduate,No,1538,1425,30,360,1,Urban,Y
LP001519,Accounts,,"float64,string,int32,float66",0,Graduate,No,10000,1666,225,360,1,Rural,N
LP001520,Loans,,"datetime64[ns],datetime64[ns],datetime64[ns],datetime64[ns]",0,Graduate,No,4860,830,125,360,1,Semiurban,Y
LP001528,Dates,,"datetime64[ns],datetime64[ns],datetime64[ns],datetime64[ns]",0,Graduate,No,6277,0,118,360,0,Rural,N
LP001529,Debts,,,0,Graduate,Yes,2577,3750,152,360,1,Rural,Y
LP001531,Accounts,,,0,Graduate,No,9166,0,244,360,1,Urban,N
LP001532,Loans,,,2,Not Graduate,No,2281,0,113,360,1,Rural,N
LP001535,Dates,,,0,Graduate,No,3254,0,50,360,1,Urban,Y
LP001536,Debts,,,3+,Graduate,No,39999,0,600,180,0,Semiurban,Y
LP001541,Accounts,,"int64, varchar(55),string,bool",1,Graduate,No,6000,0,160,360,,Rural,Y
LP001543,Loans,,"int64,varchar[25],string,int33",1,Graduate,No,9538,0,187,360,1,Urban,Y
LP001546,Dates,,"float64,string,int32,float65",0,Graduate,,2980,2083,120,360,1,Rural,Y
LP001552,Debts,,"datetime64[ns],datetime64[ns],datetime64[ns],datetime64[ns]",0,Graduate,No,4583,5625,255,360,1,Semiurban,Y
LP001560,Accounts,,"int64, varchar(55),string,bool",0,Not Graduate,No,1863,1041,98,360,1,Semiurban,Y
LP001562,Loans,,"datetime64[ns],datetime64[ns],datetime64[ns],datetime64[ns]",0,Graduate,No,7933,0,275,360,1,Urban,N
LP001565,Dates,,"int64, varchar(55),string,bool",1,Graduate,No,3089,1280,121,360,0,Semiurban,N
LP001570,Debts,,"int64,varchar[25],string,int34",2,Graduate,No,4167,1447,158,360,1,Rural,Y
LP001572,Debts,,"float64,string,int32,float66",0,Graduate,No,9323,0,75,180,1,Urban,Y
LP001574,Accounts,,"datetime64[ns],datetime64[ns],datetime64[ns],datetime64[ns]",0,Graduate,No,3707,3166,182,,1,Rural,Y
LP001577,Loans,,"int64, varchar(55),string,bool",0,Graduate,No,4583,0,112,360,1,Rural,N
LP001578,Dates,,"int64,varchar[25],string,int34",0,Graduate,No,2439,3333,129,360,1,Rural,Y
LP001579,Debts,,"float64,string,int32,float66",0,Graduate,No,2237,0,63,480,0,Semiurban,N
LP001580,Accounts,,"datetime64[ns],datetime64[ns],datetime64[ns],datetime64[ns]",2,Graduate,No,8000,0,200,360,1,Semiurban,Y
LP001581,Loans,,"datetime64[ns],datetime64[ns],datetime64[ns],datetime64[ns]",0,Not Graduate,,1820,1769,95,360,1,Rural,Y
LP001585,Dates,,null,3+,Graduate,No,51763,0,700,300,1,Urban,Y
LP001586,Debts,,null,3+,Not Graduate,No,3522,0,81,180,1,Rural,N
LP001594,Accounts,,"int64, varchar(55),string,bool",0,Graduate,No,5708,5625,187,360,1,Semiurban,Y
LP001603,Loans,,"int64,varchar[25],string,int33",0,Not Graduate,Yes,4344,736,87,360,1,Semiurban,N
LP001606,Dates,,"float64,string,int32,float65",0,Graduate,No,3497,1964,116,360,1,Rural,Y
LP001608,Debts,,"datetime64[ns],datetime64[ns],datetime64[ns],datetime64[ns]",2,Graduate,No,2045,1619,101,360,1,Rural,Y
LP001610,Accounts,,"int64, varchar(55),string,bool",3+,Graduate,No,5516,11300,495,360,0,Semiurban,N
LP001616,Loans,,"datetime64[ns],datetime64[ns],datetime64[ns],datetime64[ns]",1,Graduate,No,3750,0,116,360,1,Semiurban,Y
LP001630,Dates,,"int64, varchar(55),string,bool",0,Not Graduate,No,2333,1451,102,480,0,Urban,N
LP001633,Debts,,"int64,varchar[25],string,int34",1,Graduate,No,6400,7250,180,360,0,Urban,N
LP001634,Accounts,,"float64,string,int32,float66",0,Graduate,No,1916,5063,67,360,,Rural,N
LP001636,Loans,,"datetime64[ns],datetime64[ns],datetime64[ns],datetime64[ns]",0,Graduate,No,4600,0,73,180,1,Semiurban,Y
LP001637,Dates,,"int64, varchar(55),string,bool",1,Graduate,No,33846,0,260,360,1,Semiurban,N
LP001639,Debts,,"int64,varchar[25],string,int34",0,Graduate,No,3625,0,108,360,1,Semiurban,Y
LP001640,Accounts,"['account_id','account_code','account_name,'account_amount']","float64,string,int32,float66",0,Graduate,Yes,39147,4750,120,360,1,Semiurban,Y
LP001641,Loans,"['loan_amount','loan_code','loan_name',loan_id']","datetime64[ns],datetime64[ns],datetime64[ns],datetime64[ns]",1,Graduate,Yes,2178,0,66,300,0,Rural,N
LP001643,Dates,"['loan_date', 'open_account','start_date','end_date']","datetime64[ns],datetime64[ns],datetime64[ns],datetime64[ns]",0,Graduate,No,2383,2138,58,360,,Rural,Y
LP001644,Debts,"['debt_amount','debt_ID','debt_name', 'is_active']",null,0,Graduate,Yes,674,5296,168,360,1,Rural,Y
LP001647,Accounts,"['account_id','account_code','account_name,'account_amount']",null,0,Graduate,No,9328,0,188,180,1,Rural,Y
LP001653,Loans,"['loan_amount','loan_code','loan_name',loan_id']",null,0,Not Graduate,No,4885,0,48,360,1,Rural,Y
LP001656,Dates,"['loan_date', 'open_account','start_date','end_date']",null,0,Graduate,No,12000,0,164,360,1,Semiurban,N
LP001657,Debts,"['debt_amount','debt_ID','debt_name', 'is_active']","int64, varchar(55),string,bool",0,Not Graduate,No,6033,0,160,360,1,Urban,N
LP001658,null,"['account_id','account_code','account_name,'account_amount']","int64,varchar[25],string,int33",0,Graduate,No,3858,0,76,360,1,Semiurban,Y
LP001664,null,"['loan_amount','loan_code','loan_name',loan_id']","float64,string,int32,float65",0,Graduate,No,4191,0,120,360,1,Rural,Y
LP001665,null,"['loan_date', 'open_account','start_date','end_date']","datetime64[ns],datetime64[ns],datetime64[ns],datetime64[ns]",1,Graduate,No,3125,2583,170,360,1,Semiurban,N
LP001666,null,"['debt_amount','debt_ID','debt_name', 'is_active']","int64, varchar(55),string,bool",0,Graduate,No,8333,3750,187,360,1,Rural,Y
LP001669,null,"['account_id','account_code','account_name,'account_amount']","datetime64[ns],datetime64[ns],datetime64[ns],datetime64[ns]",0,Not Graduate,No,1907,2365,120,,1,Urban,Y
LP001671,null,"['loan_amount','loan_code','loan_name',loan_id']","int64, varchar(55),string,bool",0,Graduate,No,3416,2816,113,360,,Semiurban,Y
LP001673,null,"['loan_date', 'open_account','start_date','end_date']","int64,varchar[25],string,int34",0,Graduate,Yes,11000,0,83,360,1,Urban,N
LP001674,null,"['debt_amount','debt_ID','debt_name', 'is_active']","float64,string,int32,float66",1,Not Graduate,No,2600,2500,90,360,1,Semiurban,Y
LP001677,null,"['account_id','account_code','account_name,'account_amount']","datetime64[ns],datetime64[ns],datetime64[ns],datetime64[ns]",2,Graduate,No,4923,0,166,360,0,Semiurban,Y
LP001682,null,"['loan_amount','loan_code','loan_name',loan_id']","int64, varchar(55),string,bool",3+,Not Graduate,No,3992,0,,180,1,Urban,N
LP001688,null,"['loan_date', 'open_account','start_date','end_date']","int64,varchar[25],string,int34",1,Not Graduate,No,3500,1083,135,360,1,Urban,Y
LP001691,null,"['debt_amount','debt_ID','debt_name', 'is_active']","float64,string,int32,float66",2,Not Graduate,No,3917,0,124,360,1,Semiurban,Y
LP001692,Debts,,"datetime64[ns],datetime64[ns],datetime64[ns],datetime64[ns]",0,Not Graduate,No,4408,0,120,360,1,Semiurban,Y
LP001693,Accounts,"['account_id','account_code','account_name,'account_amount']","datetime64[ns],datetime64[ns],datetime64[ns],datetime64[ns]",0,Graduate,No,3244,0,80,360,1,Urban,Y
LP001698,Loans,"['loan_amount','loan_code','loan_name',loan_id']",,0,Not Graduate,No,3975,2531,55,360,1,Rural,Y
LP001699,Dates,"['loan_date', 'open_account','start_date','end_date']",,0,Graduate,No,2479,0,59,360,1,Urban,Y
LP001702,Debts,"['debt_amount','debt_ID','debt_name', 'is_active']","datetime64[ns],datetime64[ns],datetime64[ns],datetime64[ns]",0,Graduate,No,3418,0,127,360,1,Semiurban,N
LP001708,Accounts,"['account_id','account_code','account_name,'account_amount']","datetime64[ns],datetime64[ns],datetime64[ns],datetime64[ns]",0,Graduate,No,10000,0,214,360,1,Semiurban,N
LP001711,Loans,"['loan_amount','loan_code','loan_name',loan_id']",,3+,Graduate,No,3430,1250,128,360,0,Semiurban,N
LP001713,Dates,"['loan_date', 'open_account','start_date','end_date']",,1,Graduate,Yes,7787,0,240,360,1,Urban,Y
LP001715,Debts,"['debt_amount','debt_ID','debt_name', 'is_active']","datetime64[ns],datetime64[ns],datetime64[ns],datetime64[ns]",3+,Not Graduate,Yes,5703,0,130,360,1,Rural,Y
LP001716,Accounts,"['account_id','account_code','account_name,'account_amount']","datetime64[ns],datetime64[ns],datetime64[ns],datetime64[ns]",0,Graduate,No,3173,3021,137,360,1,Urban,Y
LP001720,Loans,"['loan_amount','loan_code','loan_name',loan_id']",,3+,Not Graduate,No,3850,983,100,360,1,Semiurban,Y
LP001722,Dates,"['loan_date', 'open_account','start_date','end_date']",,0,Graduate,No,150,1800,135,360,1,Rural,N
LP001726,Debts,"['debt_amount','debt_ID','debt_name', 'is_active']","datetime64[ns],datetime64[ns],datetime64[ns],datetime64[ns]",0,Graduate,No,3727,1775,131,360,1,Semiurban,Y
LP001732,Accounts,"['account_id','account_code','account_name,'account_amount']","datetime64[ns],datetime64[ns],datetime64[ns],datetime64[ns]",2,Graduate,,5000,0,72,360,0,Semiurban,N
LP001734,Loans,"['loan_amount','loan_code','loan_name',loan_id']",,2,Graduate,No,4283,2383,127,360,,Semiurban,Y
LP001736,Dates,"['loan_date', 'open_account','start_date','end_date']",,0,Graduate,No,2221,0,60,360,0,Urban,N
LP001743,Debts,"['debt_amount','debt_ID','debt_name', 'is_active']","datetime64[ns],datetime64[ns],datetime64[ns],datetime64[ns]",2,Graduate,No,4009,1717,116,360,1,Semiurban,Y
LP001744,Accounts,"['account_id','account_code','account_name,'account_amount']","datetime64[ns],datetime64[ns],datetime64[ns],datetime64[ns]",0,Graduate,No,2971,2791,144,360,1,Semiurban,Y
LP001749,Loans,"['loan_amount','loan_code','loan_name',loan_id']",,0,Graduate,No,7578,1010,175,,1,Semiurban,Y
LP001750,Dates,"['loan_date', 'open_account','start_date','end_date']",,0,Graduate,No,6250,0,128,360,1,Semiurban,Y
LP001751,Debts,"['debt_amount','debt_ID','debt_name', 'is_active']","datetime64[ns],datetime64[ns],datetime64[ns],datetime64[ns]",0,Graduate,No,3250,0,170,360,1,Rural,N
LP001754,Accounts,"['account_id','account_code','account_name,'account_amount']","datetime64[ns],datetime64[ns],datetime64[ns],datetime64[ns]",,Not Graduate,Yes,4735,0,138,360,1,Urban,N
LP001758,Loans,"['loan_amount','loan_code','loan_name',loan_id']",,2,Graduate,No,6250,1695,210,360,1,Semiurban,Y
LP001760,Dates,"['loan_date', 'open_account','start_date','end_date']",,,Graduate,No,4758,0,158,480,1,Semiurban,Y
LP001761,Debts,"['debt_amount','debt_ID','debt_name', 'is_active']","datetime64[ns],datetime64[ns],datetime64[ns],datetime64[ns]",0,Graduate,Yes,6400,0,200,360,1,Rural,Y
LP001765,Accounts,"['account_id','account_code','account_name,'account_amount']","datetime64[ns],datetime64[ns],datetime64[ns],datetime64[ns]",1,Graduate,No,2491,2054,104,360,1,Semiurban,Y
LP001768,Loans,"['loan_amount','loan_code','loan_name',loan_id']",,0,Graduate,,3716,0,42,180,1,Rural,Y
LP001770,Dates,"['loan_date', 'open_account','start_date','end_date']",,0,Not Graduate,No,3189,2598,120,,1,Rural,Y
LP001776,Debts,"['debt_amount','debt_ID','debt_name', 'is_active']","datetime64[ns],datetime64[ns],datetime64[ns],datetime64[ns]",0,Graduate,No,8333,0,280,360,1,Semiurban,Y
LP001778,Debts,"['account_id','account_code','account_name,'account_amount']","datetime64[ns],datetime64[ns],datetime64[ns],datetime64[ns]",1,Graduate,No,3155,1779,140,360,1,Semiurban,Y
LP001784,Accounts,"['loan_amount','loan_code','loan_name',loan_id']",,1,Graduate,No,5500,1260,170,360,1,Rural,Y
LP001786,Loans,"['loan_date', 'open_account','start_date','end_date']",,0,Graduate,,5746,0,255,360,,Urban,N
LP001788,Dates,"['debt_amount','debt_ID','debt_name', 'is_active']","datetime64[ns],datetime64[ns],datetime64[ns],datetime64[ns]",0,Graduate,Yes,3463,0,122,360,,Urban,Y
LP001790,Debts,"['account_id','account_code','account_name,'account_amount']","datetime64[ns],datetime64[ns],datetime64[ns],datetime64[ns]",1,Graduate,No,3812,0,112,360,1,Rural,Y
LP001792,Accounts,"['loan_amount','loan_code','loan_name',loan_id']",,1,Graduate,No,3315,0,96,360,1,Semiurban,Y
LP001798,Loans,"['loan_date', 'open_account','start_date','end_date']",,2,Graduate,No,5819,5000,120,360,1,Rural,Y
LP001800,Dates,"['debt_amount','debt_ID','debt_name', 'is_active']","datetime64[ns],datetime64[ns],datetime64[ns],datetime64[ns]",1,Not Graduate,No,2510,1983,140,180,1,Urban,N
LP001806,Debts,"['account_id','account_code','account_name,'account_amount']","datetime64[ns],datetime64[ns],datetime64[ns],datetime64[ns]",0,Graduate,No,2965,5701,155,60,1,Urban,Y
LP001807,Accounts,"['loan_amount','loan_code','loan_name',loan_id']",,2,Graduate,Yes,6250,1300,108,360,1,Rural,Y
LP001811,Loans,"['loan_date', 'open_account','start_date','end_date']",,0,Not Graduate,No,3406,4417,123,360,1,Semiurban,Y
LP001813,Dates,"['debt_amount','debt_ID','debt_name', 'is_active']","datetime64[ns],datetime64[ns],datetime64[ns],datetime64[ns]",0,Graduate,Yes,6050,4333,120,180,1,Urban,N
LP001814,Debts,"['account_id','account_code','account_name,'account_amount']","datetime64[ns],datetime64[ns],datetime64[ns],datetime64[ns]",2,Graduate,No,9703,0,112,360,1,Urban,Y
LP001819,Accounts,"['loan_amount','loan_code','loan_name',loan_id']",,1,Not Graduate,No,6608,0,137,180,1,Urban,Y
LP001824,Loans,"['loan_date', 'open_account','start_date','end_date']",,1,Graduate,No,2882,1843,123,480,1,Semiurban,Y
LP001825,Dates,"['debt_amount','debt_ID','debt_name', 'is_active']","datetime64[ns],datetime64[ns],datetime64[ns],datetime64[ns]",0,Graduate,No,1809,1868,90,360,1,Urban,Y
LP001835,Debts,"['account_id','account_code','account_name,'account_amount']","datetime64[ns],datetime64[ns],datetime64[ns],datetime64[ns]",0,Not Graduate,No,1668,3890,201,360,0,Semiurban,N
LP001836,Accounts,"['loan_amount','loan_code','loan_name',loan_id']",,2,Graduate,No,3427,0,138,360,1,Urban,N
LP001841,Loans,"['loan_date', 'open_account','start_date','end_date']",,0,Not Graduate,Yes,2583,2167,104,360,1,Rural,Y
LP001843,Dates,"['debt_amount','debt_ID','debt_name', 'is_active']","datetime64[ns],datetime64[ns],datetime64[ns],datetime64[ns]",1,Not Graduate,No,2661,7101,279,180,1,Semiurban,Y
LP001844,Debts,"['account_id','account_code','account_name,'account_amount']","datetime64[ns],datetime64[ns],datetime64[ns],datetime64[ns]",0,Graduate,Yes,16250,0,192,360,0,Urban,N
LP001846,Accounts,"['loan_amount','loan_code','loan_name',loan_id']",,3+,Graduate,No,3083,0,255,360,1,Rural,Y
LP001849,Loans,"['loan_date', 'open_account','start_date','end_date']",,0,Not Graduate,No,6045,0,115,360,0,Rural,N
LP001854,Dates,"['debt_amount','debt_ID','debt_name', 'is_active']","datetime64[ns],datetime64[ns],datetime64[ns],datetime64[ns]",3+,Graduate,No,5250,0,94,360,1,Urban,N
LP001859,Debts,"['account_id','account_code','account_name,'account_amount']","datetime64[ns],datetime64[ns],datetime64[ns],datetime64[ns]",0,Graduate,No,14683,2100,304,360,1,Rural,N
LP001864,Accounts,"['loan_amount','loan_code','loan_name',loan_id']",,3+,Not Graduate,No,4931,0,128,360,,Semiurban,N
LP001865,Loans,"['loan_date', 'open_account','start_date','end_date']",,1,Graduate,No,6083,4250,330,360,,Urban,Y
LP001868,Dates,"['debt_amount','debt_ID','debt_name', 'is_active']","datetime64[ns],datetime64[ns],datetime64[ns],datetime64[ns]",0,Graduate,No,2060,2209,134,360,1,Semiurban,Y
LP001870,Debts,"['account_id','account_code','account_name,'account_amount']","datetime64[ns],datetime64[ns],datetime64[ns],datetime64[ns]",1,Graduate,No,3481,0,155,36,1,Semiurban,N
LP001871,Debts,"['loan_amount','loan_code','loan_name',loan_id']",,0,Graduate,No,7200,0,120,360,1,Rural,Y
LP001872,Accounts,"['loan_date', 'open_account','start_date','end_date']",,0,Graduate,Yes,5166,0,128,360,1,Semiurban,Y
LP001875,Loans,"['debt_amount','debt_ID','debt_name', 'is_active']","datetime64[ns],datetime64[ns],datetime64[ns],datetime64[ns]",0,Graduate,No,4095,3447,151,360,1,Rural,Y
LP001877,Dates,"['account_id','account_code','account_name,'account_amount']","datetime64[ns],datetime64[ns],datetime64[ns],datetime64[ns]",2,Graduate,No,4708,1387,150,360,1,Semiurban,Y
LP001882,Debts,"['loan_amount','loan_code','loan_name',loan_id']",,3+,Graduate,No,4333,1811,160,360,0,Urban,Y
LP001883,Accounts,"['loan_date', 'open_account','start_date','end_date']",,0,Graduate,,3418,0,135,360,1,Rural,N
LP001884,Loans,"['debt_amount','debt_ID','debt_name', 'is_active']","datetime64[ns],datetime64[ns],datetime64[ns],datetime64[ns]",1,Graduate,No,2876,1560,90,360,1,Urban,Y
LP001888,Dates,"['account_id','account_code','account_name,'account_amount']","datetime64[ns],datetime64[ns],datetime64[ns],datetime64[ns]",0,Graduate,No,3237,0,30,360,1,Urban,Y
LP001891,Debts,"['loan_amount','loan_code','loan_name',loan_id']",,0,Graduate,No,11146,0,136,360,1,Urban,Y
LP001892,Accounts,"['loan_date', 'open_account','start_date','end_date']",,0,Graduate,No,2833,1857,126,360,1,Rural,Y
LP001894,Loans,"['debt_amount','debt_ID','debt_name', 'is_active']","datetime64[ns],datetime64[ns],datetime64[ns],datetime64[ns]",0,Graduate,No,2620,2223,150,360,1,Semiurban,Y
LP001896,Dates,"['account_id','account_code','account_name,'account_amount']","datetime64[ns],datetime64[ns],datetime64[ns],datetime64[ns]",2,Graduate,No,3900,0,90,360,1,Semiurban,Y
LP001900,Debts,"['loan_amount','loan_code','loan_name',loan_id']",,1,Graduate,No,2750,1842,115,360,1,Semiurban,Y
LP001903,Accounts,"['loan_date', 'open_account','start_date','end_date']",,0,Graduate,No,3993,3274,207,360,1,Semiurban,Y
LP001904,Loans,"['debt_amount','debt_ID','debt_name', 'is_active']","datetime64[ns],datetime64[ns],datetime64[ns],datetime64[ns]",0,Graduate,No,3103,1300,80,360,1,Urban,Y
LP001907,Dates,"['account_id','account_code','account_name,'account_amount']","datetime64[ns],datetime64[ns],datetime64[ns],datetime64[ns]",0,Graduate,No,14583,0,436,360,1,Semiurban,Y
LP001908,Debts,"['loan_amount','loan_code','loan_name',loan_id']",,0,Not Graduate,No,4100,0,124,360,,Rural,Y
LP001910,Accounts,"['loan_date', 'open_account','start_date','end_date']",,1,Not Graduate,Yes,4053,2426,158,360,0,Urban,N
LP001914,Loans,"['debt_amount','debt_ID','debt_name', 'is_active']","datetime64[ns],datetime64[ns],datetime64[ns],datetime64[ns]",0,Graduate,No,3927,800,112,360,1,Semiurban,Y
LP001915,Dates,"['account_id','account_code','account_name,'account_amount']","datetime64[ns],datetime64[ns],datetime64[ns],datetime64[ns]",2,Graduate,No,2301,985.7999878,78,180,1,Urban,Y
LP001917,Debts,"['loan_amount','loan_code','loan_name',loan_id']",,0,Graduate,No,1811,1666,54,360,1,Urban,Y
LP001922,Accounts,"['loan_date', 'open_account','start_date','end_date']",,0,Graduate,No,20667,0,,360,1,Rural,N
LP001924,Loans,"['debt_amount','debt_ID','debt_name', 'is_active']","datetime64[ns],datetime64[ns],datetime64[ns],datetime64[ns]",0,Graduate,No,3158,3053,89,360,1,Rural,Y
LP001925,Dates,"['account_id','account_code','account_name,'account_amount']","datetime64[ns],datetime64[ns],datetime64[ns],datetime64[ns]",0,Graduate,Yes,2600,1717,99,300,1,Semiurban,N
LP001926,Debts,"['loan_amount','loan_code','loan_name',loan_id']",,0,Graduate,No,3704,2000,120,360,1,Rural,Y
LP001931,Accounts,"['loan_date', 'open_account','start_date','end_date']",,0,Graduate,No,4124,0,115,360,1,Semiurban,Y
LP001935,Loans,"['debt_amount','debt_ID','debt_name', 'is_active']","datetime64[ns],datetime64[ns],datetime64[ns],datetime64[ns]",0,Graduate,No,9508,0,187,360,1,Rural,Y
LP001936,Dates,"['account_id','account_code','account_name,'account_amount']","datetime64[ns],datetime64[ns],datetime64[ns],datetime64[ns]",0,Graduate,No,3075,2416,139,360,1,Rural,Y
LP001938,Debts,"['loan_amount','loan_code','loan_name',loan_id']",,2,Graduate,No,4400,0,127,360,0,Semiurban,N
LP001940,Debts,"['loan_date', 'open_account','start_date','end_date']",,2,Graduate,No,3153,1560,134,360,1,Urban,Y
LP001945,Accounts,"['debt_amount','debt_ID','debt_name', 'is_active']","datetime64[ns],datetime64[ns],datetime64[ns],datetime64[ns]",,Graduate,No,5417,0,143,480,0,Urban,N
LP001947,Loans,"['account_id','account_code','account_name,'account_amount']","datetime64[ns],datetime64[ns],datetime64[ns],datetime64[ns]",0,Graduate,No,2383,3334,172,360,1,Semiurban,Y
LP001949,Dates,"['loan_amount','loan_code','loan_name',loan_id']",,3+,Graduate,,4416,1250,110,360,1,Urban,Y
LP001953,Debts,"['loan_date', 'open_account','start_date','end_date']",,1,Graduate,No,6875,0,200,360,1,Semiurban,Y
LP001954,Accounts,"['debt_amount','debt_ID','debt_name', 'is_active']","datetime64[ns],datetime64[ns],datetime64[ns],datetime64[ns]",1,Graduate,No,4666,0,135,360,1,Urban,Y
LP001955,Loans,"['account_id','account_code','account_name,'account_amount']","datetime64[ns],datetime64[ns],datetime64[ns],datetime64[ns]",0,Graduate,No,5000,2541,151,480,1,Rural,N
LP001963,Dates,"['loan_amount','loan_code','loan_name',loan_id']",,1,Graduate,No,2014,2925,113,360,1,Urban,N
LP001964,Debts,"['loan_date', 'open_account','start_date','end_date']",,0,Not Graduate,No,1800,2934,93,360,0,Urban,N
LP001972,Accounts,"['debt_amount','debt_ID','debt_name', 'is_active']","datetime64[ns],datetime64[ns],datetime64[ns],datetime64[ns]",,Not Graduate,No,2875,1750,105,360,1,Semiurban,Y
LP001974,Loans,"['account_id','account_code','account_name,'account_amount']","datetime64[ns],datetime64[ns],datetime64[ns],datetime64[ns]",0,Graduate,No,5000,0,132,360,1,Rural,Y
LP001977,Dates,"['loan_amount','loan_code','loan_name',loan_id']",,1,Graduate,No,1625,1803,96,360,1,Urban,Y
LP001978,Debts,"['loan_date', 'open_account','start_date','end_date']",,0,Graduate,No,4000,2500,140,360,1,Rural,Y
LP001990,Accounts,"['debt_amount','debt_ID','debt_name', 'is_active']","datetime64[ns],datetime64[ns],datetime64[ns],datetime64[ns]",0,Not Graduate,No,2000,0,,360,1,Urban,N
LP001993,Loans,"['account_id','account_code','account_name,'account_amount']","datetime64[ns],datetime64[ns],datetime64[ns],datetime64[ns]",0,Graduate,No,3762,1666,135,360,1,Rural,Y
LP001994,Dates,"['loan_amount','loan_code','loan_name',loan_id']",,0,Graduate,No,2400,1863,104,360,0,Urban,N
LP001996,Debts,"['loan_date', 'open_account','start_date','end_date']",,0,Graduate,No,20233,0,480,360,1,Rural,N
LP001998,Accounts,"['debt_amount','debt_ID','debt_name', 'is_active']","datetime64[ns],datetime64[ns],datetime64[ns],datetime64[ns]",2,Not Graduate,No,7667,0,185,360,,Rural,Y
LP002002,Loans,"['account_id','account_code','account_name,'account_amount']","datetime64[ns],datetime64[ns],datetime64[ns],datetime64[ns]",0,Graduate,No,2917,0,84,360,1,Semiurban,Y
LP002004,Dates,"['loan_amount','loan_code','loan_name',loan_id']",,0,Not Graduate,No,2927,2405,111,360,1,Semiurban,Y
LP002006,Debts,"['loan_date', 'open_account','start_date','end_date']",,0,Graduate,No,2507,0,56,360,1,Rural,Y
LP002008,Accounts,"['debt_amount','debt_ID','debt_name', 'is_active']","datetime64[ns],datetime64[ns],datetime64[ns],datetime64[ns]",2,Graduate,Yes,5746,0,144,84,,Rural,Y
LP002024,Loans,"['account_id','account_code','account_name,'account_amount']","datetime64[ns],datetime64[ns],datetime64[ns],datetime64[ns]",0,Graduate,No,2473,1843,159,360,1,Rural,N
LP002031,Dates,null,null,1,Not Graduate,No,3399,1640,111,180,1,Urban,Y
LP002035,Debts,null,null,2,Graduate,No,3717,0,120,360,1,Semiurban,Y
LP002036,Accounts,null,null,0,Graduate,No,2058,2134,88,360,,Urban,Y
LP002043,Loans,null,null,1,Graduate,No,3541,0,112,360,,Semiurban,Y
LP002050,Dates,null,null,1,Graduate,Yes,10000,0,155,360,1,Rural,N
LP002051,Debts,null,null,0,Graduate,No,2400,2167,115,360,1,Semiurban,Y
LP002053,null,null,null,3+,Graduate,No,4342,189,124,360,1,Semiurban,Y
LP002054,null,null,null,2,Not Graduate,No,3601,1590,,360,1,Rural,Y
LP002055,null,null,null,0,Graduate,No,3166,2985,132,360,,Rural,Y
LP002065,null,null,null,3+,Graduate,No,15000,0,300,360,1,Rural,Y
LP002067,null,null,null,1,Graduate,Yes,8666,4983,376,360,0,Rural,N
LP002068,null,null,null,0,Graduate,No,4917,0,130,360,0,Rural,Y
LP002082,null,null,null,0,Graduate,Yes,5818,2160,184,360,1,Semiurban,Y
LP002086,null,null,null,0,Graduate,No,4333,2451,110,360,1,Urban,N
LP002087,null,null,null,0,Graduate,No,2500,0,67,360,1,Urban,Y
LP002097,null,null,null,1,Graduate,No,4384,1793,117,360,1,Urban,Y
LP002098,null,null,null,0,Graduate,No,2935,0,98,360,1,Semiurban,Y
,,,,,,,,,,,,,Y
,,,,,,,,,,,,,Y
,,,,,,,,,,,,,Y
,,,,,,,,,,,,,Y
,,,,,,,,,,,,,Y
,,,,,,,,,,,,,Y
,,,,,,,,,,,,,N
,,,,,,,,,,,,,Y
,,,,,,,,,,,,,N
,,,,,,,,,,,,,N
,,,,,,,,,,,,,Y
,,,,,,,,,,,,,Y
,,,,,,,,,,,,,Y
,,,,,,,,,,,,,Y
,,,,,,,,,,,,,N
,,,,,,,,,,,,,Y
,,,,,,,,,,,,,Y
,,,,,,,,,,,,,Y
,,,,,,,,,,,,,Y
,,,,,,,,,,,,,N
,,,,,,,,,,,,,Y
,,,,,,,,,,,,,N
,,,,,,,,,,,,,Y
,,,,,,,,,,,,,Y
,,,,,,,,,,,,,Y
,,,,,,,,,,,,,N
,,,,,,,,,,,,,N
,,,,,,,,,,,,,Y
,,,,,,,,,,,,,N
,,,,,,,,,,,,,Y
,,,,,,,,,,,,,Y
,,,,,,,,,,,,,Y
,,,,,,,,,,,,,Y
,,,,,,,,,,,,,N
,,,,,,,,,,,,,N
,,,,,,,,,,,,,N
,,,,,,,,,,,,,Y
,,,,,,,,,,,,,N
,,,,,,,,,,,,,Y
,,,,,,,,,,,,,Y
,,,,,,,,,,,,,Y
,,,,,,,,,,,,,N
,,,,,,,,,,,,,Y
,,,,,,,,,,,,,Y
,,,,,,,,,,,,,Y
,,,,,,,,,,,,,Y
,,,,,,,,,,,,,N
,,,,,,,,,,,,,Y
,,,,,,,,,,,,,Y
,,,,,,,,,,,,,Y
,,,,,,,,,,,,,Y
,,,,,,,,,,,,,Y
,,,,,,,,,,,,,N
,,,,,,,,,,,,,Y
,,,,,,,,,,,,,Y
,,,,,,,,,,,,,N
,,,,,,,,,,,,,Y
,,,,,,,,,,,,,Y
,,,,,,,,,,,,,Y
,,,,,,,,,,,,,Y
,,,,,,,,,,,,,Y
,,,,,,,,,,,,,Y
,,,,,,,,,,,,,Y
,,,,,,,,,,,,,Y
,,,,,,,,,,,,,N
,,,,,,,,,,,,,Y
,,,,,,,,,,,,,Y
,,,,,,,,,,,,,N
,,,,,,,,,,,,,N
,,,,,,,,,,,,,N
,,,,,,,,,,,,,Y
,,,,,,,,,,,,,Y
,,,,,,,,,,,,,N
,,,,,,,,,,,,,Y
,,,,,,,,,,,,,Y
,,,,,,,,,,,,,Y
,,,,,,,,,,,,,N
,,,,,,,,,,,,,N
,,,,,,,,,,,,,N
,,,,,,,,,,,,,Y
,,,,,,,,,,,,,N
,,,,,,,,,,,,,Y
,,,,,,,,,,,,,N
,,,,,,,,,,,,,Y
,,,,,,,,,,,,,N
,,,,,,,,,,,,,N
,,,,,,,,,,,,,Y
,,,,,,,,,,,,,Y
,,,,,,,,,,,,,Y
,,,,,,,,,,,,,N
,,,,,,,,,,,,,Y
,,,,,,,,,,,,,N
,,,,,,,,,,,,,Y
,,,,,,,,,,,,,Y
,,,,,,,,,,,,,N
,,,,,,,,,,,,,Y
,,,,,,,,,,,,,Y
,,,,,,,,,,,,,Y
,,,,,,,,,,,,,Y
,,,,,,,,,,,,,N
,,,,,,,,,,,,,Y
,,,,,,,,,,,,,Y
,,,,,,,,,,,,,Y
,,,,,,,,,,,,,Y
,,,,,,,,,,,,,Y
,,,,,,,,,,,,,Y
,,,,,,,,,,,,,N
,,,,,,,,,,,,,Y
,,,,,,,,,,,,,Y
,,,,,,,,,,,,,Y
,,,,,,,,,,,,,Y
,,,,,,,,,,,,,Y
,,,,,,,,,,,,,Y
,,,,,,,,,,,,,Y
,,,,,,,,,,,,,Y
,,,,,,,,,,,,,N
,,,,,,,,,,,,,N
,,,,,,,,,,,,,N
,,,,,,,,,,,,,N
,,,,,,,,,,,,,Y
,,,,,,,,,,,,,N
,,,,,,,,,,,,,Y
,,,,,,,,,,,,,Y
,,,,,,,,,,,,,Y
,,,,,,,,,,,,,Y
,,,,,,,,,,,,,N
,,,,,,,,,,,,,Y
,,,,,,,,,,,,,N
,,,,,,,,,,,,,Y
,,,,,,,,,,,,,Y
,,,,,,,,,,,,,Y
,,,,,,,,,,,,,Y
,,,,,,,,,,,,,N
,,,,,,,,,,,,,Y
,,,,,,,,,,,,,N
,,,,,,,,,,,,,Y
,,,,,,,,,,,,,Y
,,,,,,,,,,,,,N
,,,,,,,,,,,,,Y
,,,,,,,,,,,,,N
,,,,,,,,,,,,,Y
,,,,,,,,,,,,,Y
,,,,,,,,,,,,,Y
,,,,,,,,,,,,,Y
,,,,,,,,,,,,,Y
,,,,,,,,,,,,,N
,,,,,,,,,,,,,Y
,,,,,,,,,,,,,N
,,,,,,,,,,,,,Y
,,,,,,,,,,,,,Y
,,,,,,,,,,,,,Y
,,,,,,,,,,,,,Y
,,,,,,,,,,,,,Y
,,,,,,,,,,,,,Y
,,,,,,,,,,,,,N
,,,,,,,,,,,,,N
,,,,,,,,,,,,,Y
,,,,,,,,,,,,,N
,,,,,,,,,,,,,Y
,,,,,,,,,,,,,Y
,,,,,,,,,,,,,Y
,,,,,,,,,,,,,Y
,,,,,,,,,,,,,N
,,,,,,,,,,,,,Y
,,,,,,,,,,,,,Y
,,,,,,,,,,,,,Y
,,,,,,,,,,,,,Y
,,,,,,,,,,,,,N
,,,,,,,,,,,,,Y
,,,,,,,,,,,,,Y
,,,,,,,,,,,,,Y
,,,,,,,,,,,,,N
,,,,,,,,,,,,,Y
,,,,,,,,,,,,,Y
,,,,,,,,,,,,,Y
,,,,,,,,,,,,,N
,,,,,,,,,,,,,Y
,,,,,,,,,,,,,Y
,,,,,,,,,,,,,N
,,,,,,,,,,,,,Y
,,,,,,,,,,,,,Y
,,,,,,,,,,,,,N
,,,,,,,,,,,,,N
,,,,,,,,,,,,,Y
,,,,,,,,,,,,,Y
,,,,,,,,,,,,,N
,,,,,,,,,,,,,N
,,,,,,,,,,,,,N
,,,,,,,,,,,,,Y
,,,,,,,,,,,,,Y
,,,,,,,,,,,,,Y
,,,,,,,,,,,,,Y
,,,,,,,,,,,,,N
,,,,,,,,,,,,,Y
,,,,,,,,,,,,,Y
,,,,,,,,,,,,,Y
,,,,,,,,,,,,,Y
,,,,,,,,,,,,,Y
,,,,,,,,,,,,,Y
,,,,,,,,,,,,,Y
,,,,,,,,,,,,,N
,,,,,,,,,,,,,N
,,,,,,,,,,,,,Y
,,,,,,,,,,,,,Y
,,,,,,,,,,,,,Y
,,,,,,,,,,,,,Y
,,,,,,,,,,,,,N
,,,,,,,,,,,,,Y
,,,,,,,,,,,,,Y
,,,,,,,,,,,,,N
,,,,,,,,,,,,,Y
,,,,,,,,,,,,,Y
,,,,,,,,,,,,,Y
,,,,,,,,,,,,,Y
,,,,,,,,,,,,,N
,,,,,,,,,,,,,Y
,,,,,,,,,,,,,N
,,,,,,,,,,,,,Y
,,,,,,,,,,,,,N
,,,,,,,,,,,,,Y
,,,,,,,,,,,,,Y
,,,,,,,,,,,,,N
,,,,,,,,,,,,,N
,,,,,,,,,,,,,Y
,,,,,,,,,,,,,Y
,,,,,,,,,,,,,Y
,,,,,,,,,,,,,Y
,,,,,,,,,,,,,Y
,,,,,,,,,,,,,Y
,,,,,,,,,,,,,Y
,,,,,,,,,,,,,Y
,,,,,,,,,,,,,Y
,,,,,,,,,,,,,N
,,,,,,,,,,,,,Y
,,,,,,,,,,,,,Y
,,,,,,,,,,,,,N
,,,,,,,,,,,,,N
,,,,,,,,,,,,,N
,,,,,,,,,,,,,Y
,,,,,,,,,,,,,N
,,,,,,,,,,,,,Y
,,,,,,,,,,,,,N
,,,,,,,,,,,,,N
,,,,,,,,,,,,,Y
,,,,,,,,,,,,,N
,,,,,,,,,,,,,Y
,,,,,,,,,,,,,Y
,,,,,,,,,,,,,Y
,,,,,,,,,,,,,Y
,,,,,,,,,,,,,N
,,,,,,,,,,,,,Y
,,,,,,,,,,,,,N
,,,,,,,,,,,,,N
,,,,,,,,,,,,,N
,,,,,,,,,,,,,Y
,,,,,,,,,,,,,Y
,,,,,,,,,,,,,Y
,,,,,,,,,,,,,N
,,,,,,,,,,,,,Y
,,,,,,,,,,,,,N
,,,,,,,,,,,,,Y
,,,,,,,,,,,,,Y
,,,,,,,,,,,,,Y
,,,,,,,,,,,,,Y
,,,,,,,,,,,,,N
,,,,,,,,,,,,,N
,,,,,,,,,,,,,Y
,,,,,,,,,,,,,Y
,,,,,,,,,,,,,N
,,,,,,,,,,,,,Y
,,,,,,,,,,,,,Y
,,,,,,,,,,,,,Y
,,,,,,,,,,,,,Y
,,,,,,,,,,,,,N
,,,,,,,,,,,,,Y
,,,,,,,,,,,,,Y
,,,,,,,,,,,,,Y
,,,,,,,,,,,,,Y
,,,,,,,,,,,,,Y
,,,,,,,,,,,,,Y
,,,,,,,,,,,,,Y
,,,,,,,,,,,,,N
